finding_id,area,finding,evidence,business_impact,recommendation
F-01,Recovery,Calculated recovery rate vs reported 11%,Calculated recovery rate = 12.31%; reported rate = 11.00%,The reported recovery figure does not reconcile with the core denominator.,Use the reconciled recovery definition consistently in management reporting.
F-02,Portfolio Mix,Recovery varies descriptively across DPD and risk segments,DPD/risk mix analysis; risk p-value = 0.468456; DPD p-value = 0.091219.,"Portfolio composition can influence aggregate recovery, but statistical tests do not establish independent effects.",Track recovery using consistent DPD and risk-segment cohorts.
F-03,Campaigns,Campaign and channel performance varies,campaign_performance.csv and channel_performance.csv.,Different collection strategies may be associated with different recovery outcomes.,Compare campaigns using common targeting and attribution definitions before scaling a strategy.
F-04,Operations,Agent and vendor performance varies,"agent_performance.csv and vendor_performance.csv; 1,000 agent IDs have identity conflicts.",Operational comparisons may be affected by unstable agent identifiers.,Resolve agent identity before using agent-level metrics for management decisions.
F-05,PTP,Recorded PTPs should be validated against subsequent successful payments,Observed PTP fulfillment rate = 7.09%.,PTP volume alone may overstate actual collection effectiveness.,Track PTP fulfillment using independently matched payment outcomes.
F-06,Data Quality,Data-quality and attribution limitations affect interpretation,"Payment, timestamp, agent identity, and attribution forensics.",Unresolved data issues can distort recovery and operational comparisons.,Maintain explicit data-quality flags and metric definitions in recurring reporting.
F-07,Payments,Repeated payment references are not confirmed duplicate events,"3,284 repeated references; 0 exact duplicate rows; ₹0 exact-duplicate financial impact.",Automatic reference-based deduplication could incorrectly remove legitimate payment events.,Do not deduplicate payment references without validated business-key evidence.
F-08,Timestamps,Payment timestamps are timezone-naive,"0 timezone-labelled records; 5,213 events (21.25%) occur near midnight.",Calendar-date analysis may be sensitive to an assumed timezone conversion.,Preserve source timestamps and document the timezone limitation.
F-09,Attribution,Multiple attribution records can double-count recovery,"25 payments with multiple attribution records; ₹1,782,308.87 potential excess attributed recovery.","Raw attributed recovery can overstate campaign, agent, or vendor contribution.",Use successful payments as the source of truth and apply mutually exclusive attribution.
